{
    "$schema": "https://schema.management.azure.com/schemas/2015-01-01/deploymentParameters.json#",
    "contentVersion": "1.0.0.0",
    "parameters": {
        "factoryName": {
            "value": "penoshadf472024"
        },
        "AzureFunction1_functionKey": {
            "value": ""
        },
        "SqlServer1_password": {
            "value": ""
        },
        "AzureBlobStorage1_connectionString": {
            "value": ""
        },
        "AzureFunction1_properties_typeProperties_functionAppUrl": {
            "value": "https://mlopsproject172024.azurewebsites.net"
        },
        "SqlServer1_properties_typeProperties_server": {
            "value": "penoshserver272024.database.windows.net"
        },
        "SqlServer1_properties_typeProperties_database": {
            "value": "penoshdb"
        },
        "SqlServer1_properties_typeProperties_userName": {
            "value": "penosh"
        }
    }
}