{
    "$schema": "http://schema.management.azure.com/schemas/2015-01-01/deploymentTemplate.json#",
    "contentVersion": "1.0.0.0",
    "parameters": {
        "factoryName": {
            "type": "string",
            "metadata": "Data Factory name",
            "defaultValue": "penoshadf472024"
        },
        "AzureFunction1_functionKey": {
            "type": "secureString",
            "metadata": "Secure string for 'functionKey' of 'AzureFunction1'"
        },
        "SqlServer1_password": {
            "type": "secureString",
            "metadata": "Secure string for 'password' of 'SqlServer1'"
        },
        "AzureBlobStorage1_connectionString": {
            "type": "secureString",
            "metadata": "Secure string for 'connectionString' of 'AzureBlobStorage1'"
        },
        "AzureFunction1_properties_typeProperties_functionAppUrl": {
            "type": "string",
            "defaultValue": "https://mlopsproject172024.azurewebsites.net"
        },
        "SqlServer1_properties_typeProperties_server": {
            "type": "string",
            "defaultValue": "penoshserver272024.database.windows.net"
        },
        "SqlServer1_properties_typeProperties_database": {
            "type": "string",
            "defaultValue": "penoshdb"
        },
        "SqlServer1_properties_typeProperties_userName": {
            "type": "string",
            "defaultValue": "penosh"
        }
    },
    "variables": {
        "factoryId": "[concat('Microsoft.DataFactory/factories/', parameters('factoryName'))]"
    },
    "resources": [
        {
            "name": "[concat(parameters('factoryName'), '/pipeline1')]",
            "type": "Microsoft.DataFactory/factories/pipelines",
            "apiVersion": "2018-06-01",
            "properties": {
                "activities": [
                    {
                        "name": "Azure Function1",
                        "type": "AzureFunctionActivity",
                        "dependsOn": [],
                        "policy": {
                            "timeout": "0.12:00:00",
                            "retry": 0,
                            "retryIntervalInSeconds": 30,
                            "secureOutput": false,
                            "secureInput": false
                        },
                        "userProperties": [],
                        "typeProperties": {
                            "functionName": "laptop1",
                            "headers": {},
                            "method": "GET"
                        },
                        "linkedServiceName": {
                            "referenceName": "AzureFunction1",
                            "type": "LinkedServiceReference"
                        }
                    },
                    {
                        "name": "Azure Function2",
                        "type": "AzureFunctionActivity",
                        "dependsOn": [],
                        "policy": {
                            "timeout": "0.12:00:00",
                            "retry": 0,
                            "retryIntervalInSeconds": 30,
                            "secureOutput": false,
                            "secureInput": false
                        },
                        "userProperties": [],
                        "typeProperties": {
                            "functionName": "laptop2",
                            "headers": {},
                            "method": "GET"
                        },
                        "linkedServiceName": {
                            "referenceName": "AzureFunction1",
                            "type": "LinkedServiceReference"
                        }
                    },
                    {
                        "name": "Web1",
                        "type": "WebActivity",
                        "dependsOn": [],
                        "policy": {
                            "timeout": "0.12:00:00",
                            "retry": 0,
                            "retryIntervalInSeconds": 30,
                            "secureOutput": false,
                            "secureInput": false
                        },
                        "userProperties": [],
                        "typeProperties": {
                            "method": "GET",
                            "headers": {},
                            "httpRequestTimeout": "00:10:00",
                            "url": "http://127.0.0.1:5000/scrape/laptops",
                            "connectVia": {
                                "referenceName": "mlops",
                                "type": "IntegrationRuntimeReference"
                            }
                        }
                    },
                    {
                        "name": "Web2",
                        "type": "WebActivity",
                        "dependsOn": [
                            {
                                "activity": "Azure Function1",
                                "dependencyConditions": [
                                    "Succeeded"
                                ]
                            }
                        ],
                        "policy": {
                            "timeout": "0.12:00:00",
                            "retry": 0,
                            "retryIntervalInSeconds": 30,
                            "secureOutput": false,
                            "secureInput": false
                        },
                        "userProperties": [],
                        "typeProperties": {
                            "method": "PUT",
                            "headers": {
                                "x-ms-blob-type": "BlockBlob",
                                "x-ms-version": "2017-11-09"
                            },
                            "url": "https://mlopsproject172024.blob.core.windows.net/jsonfiles/file1.json",
                            "body": {
                                "value": "@activity('Azure Function1').output.Response",
                                "type": "Expression"
                            },
                            "authentication": {
                                "type": "MSI",
                                "resource": "https://storage.azure.com/"
                            }
                        }
                    },
                    {
                        "name": "Web3",
                        "type": "WebActivity",
                        "dependsOn": [
                            {
                                "activity": "Azure Function2",
                                "dependencyConditions": [
                                    "Succeeded"
                                ]
                            }
                        ],
                        "policy": {
                            "timeout": "0.12:00:00",
                            "retry": 0,
                            "retryIntervalInSeconds": 30,
                            "secureOutput": false,
                            "secureInput": false
                        },
                        "userProperties": [],
                        "typeProperties": {
                            "method": "PUT",
                            "headers": {
                                "x-ms-blob-type": "BlockBlob",
                                "x-ms-version": "2017-11-09"
                            },
                            "url": "https://mlopsproject172024.blob.core.windows.net/jsonfiles/file2.json",
                            "body": {
                                "value": "@activity('Azure Function2').output.Response",
                                "type": "Expression"
                            },
                            "authentication": {
                                "type": "MSI",
                                "resource": "https://storage.azure.com/"
                            }
                        }
                    },
                    {
                        "name": "Web4",
                        "type": "WebActivity",
                        "dependsOn": [
                            {
                                "activity": "Web1",
                                "dependencyConditions": [
                                    "Succeeded"
                                ]
                            }
                        ],
                        "policy": {
                            "timeout": "0.12:00:00",
                            "retry": 0,
                            "retryIntervalInSeconds": 30,
                            "secureOutput": false,
                            "secureInput": false
                        },
                        "userProperties": [],
                        "typeProperties": {
                            "method": "PUT",
                            "headers": {
                                "x-ms-blob-type": "BlockBlob",
                                "x-ms-version": "2017-11-09"
                            },
                            "url": "https://mlopsproject172024.blob.core.windows.net/jsonfiles/file3.json",
                            "body": {
                                "value": "@activity('Web1').output.Response",
                                "type": "Expression"
                            },
                            "authentication": {
                                "type": "MSI",
                                "resource": "https://storage.azure.com/"
                            }
                        }
                    },
                    {
                        "name": "Copy data1",
                        "type": "Copy",
                        "dependsOn": [
                            {
                                "activity": "Web2",
                                "dependencyConditions": [
                                    "Succeeded"
                                ]
                            }
                        ],
                        "policy": {
                            "timeout": "0.12:00:00",
                            "retry": 0,
                            "retryIntervalInSeconds": 30,
                            "secureOutput": false,
                            "secureInput": false
                        },
                        "userProperties": [],
                        "typeProperties": {
                            "source": {
                                "type": "JsonSource",
                                "storeSettings": {
                                    "type": "AzureBlobStorageReadSettings",
                                    "recursive": true,
                                    "enablePartitionDiscovery": false
                                },
                                "formatSettings": {
                                    "type": "JsonReadSettings"
                                }
                            },
                            "sink": {
                                "type": "DelimitedTextSink",
                                "storeSettings": {
                                    "type": "AzureBlobStorageWriteSettings"
                                },
                                "formatSettings": {
                                    "type": "DelimitedTextWriteSettings",
                                    "quoteAllText": true,
                                    "fileExtension": ".txt"
                                }
                            },
                            "enableStaging": false,
                            "translator": {
                                "value": "@activity('Azure Function1').output.Response",
                                "type": "Expression"
                            }
                        },
                        "inputs": [
                            {
                                "referenceName": "Json1",
                                "type": "DatasetReference",
                                "parameters": {}
                            }
                        ],
                        "outputs": [
                            {
                                "referenceName": "DelimitedText1",
                                "type": "DatasetReference",
                                "parameters": {}
                            }
                        ]
                    },
                    {
                        "name": "Copy data2",
                        "type": "Copy",
                        "dependsOn": [
                            {
                                "activity": "Web3",
                                "dependencyConditions": [
                                    "Succeeded"
                                ]
                            }
                        ],
                        "policy": {
                            "timeout": "0.12:00:00",
                            "retry": 0,
                            "retryIntervalInSeconds": 30,
                            "secureOutput": false,
                            "secureInput": false
                        },
                        "userProperties": [],
                        "typeProperties": {
                            "source": {
                                "type": "JsonSource",
                                "storeSettings": {
                                    "type": "AzureBlobStorageReadSettings",
                                    "recursive": true,
                                    "enablePartitionDiscovery": false
                                },
                                "formatSettings": {
                                    "type": "JsonReadSettings"
                                }
                            },
                            "sink": {
                                "type": "DelimitedTextSink",
                                "storeSettings": {
                                    "type": "AzureBlobStorageWriteSettings"
                                },
                                "formatSettings": {
                                    "type": "DelimitedTextWriteSettings",
                                    "quoteAllText": true,
                                    "fileExtension": ".txt"
                                }
                            },
                            "enableStaging": false,
                            "translator": {
                                "value": "@activity('Azure Function2').output.Response",
                                "type": "Expression"
                            }
                        },
                        "inputs": [
                            {
                                "referenceName": "Json2",
                                "type": "DatasetReference",
                                "parameters": {}
                            }
                        ],
                        "outputs": [
                            {
                                "referenceName": "DelimitedText2",
                                "type": "DatasetReference",
                                "parameters": {}
                            }
                        ]
                    },
                    {
                        "name": "Copy data3",
                        "type": "Copy",
                        "dependsOn": [
                            {
                                "activity": "Web4",
                                "dependencyConditions": [
                                    "Succeeded"
                                ]
                            }
                        ],
                        "policy": {
                            "timeout": "0.12:00:00",
                            "retry": 0,
                            "retryIntervalInSeconds": 30,
                            "secureOutput": false,
                            "secureInput": false
                        },
                        "userProperties": [],
                        "typeProperties": {
                            "source": {
                                "type": "JsonSource",
                                "storeSettings": {
                                    "type": "AzureBlobStorageReadSettings",
                                    "recursive": true,
                                    "enablePartitionDiscovery": false
                                },
                                "formatSettings": {
                                    "type": "JsonReadSettings"
                                }
                            },
                            "sink": {
                                "type": "DelimitedTextSink",
                                "storeSettings": {
                                    "type": "AzureBlobStorageWriteSettings"
                                },
                                "formatSettings": {
                                    "type": "DelimitedTextWriteSettings",
                                    "quoteAllText": true,
                                    "fileExtension": ".txt"
                                }
                            },
                            "enableStaging": false,
                            "translator": {
                                "type": "TabularTranslator",
                                "mappings": [
                                    {
                                        "source": {
                                            "path": "$['Product_Name']"
                                        },
                                        "sink": {
                                            "name": "Product_Name"
                                        }
                                    },
                                    {
                                        "source": {
                                            "path": "$['Ratings']"
                                        },
                                        "sink": {
                                            "name": "Ratings"
                                        }
                                    },
                                    {
                                        "source": {
                                            "path": "$['Price']"
                                        },
                                        "sink": {
                                            "name": "Price"
                                        }
                                    },
                                    {
                                        "source": {
                                            "path": "$['Processor']"
                                        },
                                        "sink": {
                                            "name": "Processor"
                                        }
                                    },
                                    {
                                        "source": {
                                            "path": "$['RAM']"
                                        },
                                        "sink": {
                                            "name": "RAM"
                                        }
                                    },
                                    {
                                        "source": {
                                            "path": "$['Operating System']"
                                        },
                                        "sink": {
                                            "name": "Operating System"
                                        }
                                    },
                                    {
                                        "source": {
                                            "path": "$['ROM']"
                                        },
                                        "sink": {
                                            "name": "ROM"
                                        }
                                    },
                                    {
                                        "source": {
                                            "path": "$['Display']"
                                        },
                                        "sink": {
                                            "name": "Display"
                                        }
                                    }
                                ]
                            }
                        },
                        "inputs": [
                            {
                                "referenceName": "Json3",
                                "type": "DatasetReference",
                                "parameters": {}
                            }
                        ],
                        "outputs": [
                            {
                                "referenceName": "DelimitedText3",
                                "type": "DatasetReference",
                                "parameters": {}
                            }
                        ]
                    },
                    {
                        "name": "Copy data4",
                        "type": "Copy",
                        "dependsOn": [],
                        "policy": {
                            "timeout": "0.12:00:00",
                            "retry": 0,
                            "retryIntervalInSeconds": 30,
                            "secureOutput": false,
                            "secureInput": false
                        },
                        "userProperties": [],
                        "typeProperties": {
                            "source": {
                                "type": "SqlServerSource",
                                "queryTimeout": "02:00:00",
                                "partitionOption": "None"
                            },
                            "sink": {
                                "type": "DelimitedTextSink",
                                "storeSettings": {
                                    "type": "AzureBlobStorageWriteSettings"
                                },
                                "formatSettings": {
                                    "type": "DelimitedTextWriteSettings",
                                    "quoteAllText": true,
                                    "fileExtension": ".txt"
                                }
                            },
                            "enableStaging": false,
                            "translator": {
                                "type": "TabularTranslator",
                                "mappings": [
                                    {
                                        "source": {
                                            "name": "Product_Name",
                                            "type": "String",
                                            "physicalType": "nvarchar"
                                        },
                                        "sink": {
                                            "name": "Product_Name",
                                            "type": "String",
                                            "physicalType": "String"
                                        }
                                    },
                                    {
                                        "source": {
                                            "name": "Ratings",
                                            "type": "String",
                                            "physicalType": "nvarchar"
                                        },
                                        "sink": {
                                            "name": "Ratings",
                                            "type": "String",
                                            "physicalType": "String"
                                        }
                                    },
                                    {
                                        "source": {
                                            "name": "Price",
                                            "type": "String",
                                            "physicalType": "nvarchar"
                                        },
                                        "sink": {
                                            "name": "Price",
                                            "type": "String",
                                            "physicalType": "String"
                                        }
                                    },
                                    {
                                        "source": {
                                            "name": "Processor",
                                            "type": "String",
                                            "physicalType": "nvarchar"
                                        },
                                        "sink": {
                                            "name": "Processor",
                                            "type": "String",
                                            "physicalType": "String"
                                        }
                                    },
                                    {
                                        "source": {
                                            "name": "RAM",
                                            "type": "String",
                                            "physicalType": "nvarchar"
                                        },
                                        "sink": {
                                            "name": "RAM",
                                            "type": "String",
                                            "physicalType": "String"
                                        }
                                    },
                                    {
                                        "source": {
                                            "name": "Operating System",
                                            "type": "String",
                                            "physicalType": "nvarchar"
                                        },
                                        "sink": {
                                            "name": "Operating System",
                                            "type": "String",
                                            "physicalType": "String"
                                        }
                                    },
                                    {
                                        "source": {
                                            "name": "ROM",
                                            "type": "String",
                                            "physicalType": "nvarchar"
                                        },
                                        "sink": {
                                            "name": "ROM",
                                            "type": "String",
                                            "physicalType": "String"
                                        }
                                    },
                                    {
                                        "source": {
                                            "name": "Display",
                                            "type": "String",
                                            "physicalType": "nvarchar"
                                        },
                                        "sink": {
                                            "name": "Display",
                                            "type": "String",
                                            "physicalType": "String"
                                        }
                                    }
                                ],
                                "typeConversion": true,
                                "typeConversionSettings": {
                                    "allowDataTruncation": true,
                                    "treatBooleanAsNumber": false
                                }
                            }
                        },
                        "inputs": [
                            {
                                "referenceName": "SqlServerTable1",
                                "type": "DatasetReference",
                                "parameters": {}
                            }
                        ],
                        "outputs": [
                            {
                                "referenceName": "DelimitedText4",
                                "type": "DatasetReference",
                                "parameters": {}
                            }
                        ]
                    },
                    {
                        "name": "Copy data5",
                        "type": "Copy",
                        "dependsOn": [
                            {
                                "activity": "Copy data1",
                                "dependencyConditions": [
                                    "Succeeded"
                                ]
                            },
                            {
                                "activity": "Copy data2",
                                "dependencyConditions": [
                                    "Succeeded"
                                ]
                            },
                            {
                                "activity": "Copy data3",
                                "dependencyConditions": [
                                    "Succeeded"
                                ]
                            },
                            {
                                "activity": "Copy data4",
                                "dependencyConditions": [
                                    "Succeeded"
                                ]
                            }
                        ],
                        "policy": {
                            "timeout": "0.12:00:00",
                            "retry": 0,
                            "retryIntervalInSeconds": 30,
                            "secureOutput": false,
                            "secureInput": false
                        },
                        "userProperties": [],
                        "typeProperties": {
                            "source": {
                                "type": "DelimitedTextSource",
                                "storeSettings": {
                                    "type": "AzureBlobStorageReadSettings",
                                    "recursive": true,
                                    "wildcardFileName": "*",
                                    "enablePartitionDiscovery": false
                                },
                                "formatSettings": {
                                    "type": "DelimitedTextReadSettings"
                                }
                            },
                            "sink": {
                                "type": "DelimitedTextSink",
                                "storeSettings": {
                                    "type": "AzureBlobStorageWriteSettings",
                                    "copyBehavior": "MergeFiles"
                                },
                                "formatSettings": {
                                    "type": "DelimitedTextWriteSettings",
                                    "quoteAllText": true,
                                    "fileExtension": ".txt"
                                }
                            },
                            "enableStaging": false,
                            "translator": {
                                "type": "TabularTranslator",
                                "mappings": [
                                    {
                                        "source": {
                                            "name": "Product_Name",
                                            "type": "String",
                                            "physicalType": "String"
                                        },
                                        "sink": {
                                            "name": "Product_Name",
                                            "type": "String",
                                            "physicalType": "String"
                                        }
                                    },
                                    {
                                        "source": {
                                            "name": "Ratings",
                                            "type": "String",
                                            "physicalType": "String"
                                        },
                                        "sink": {
                                            "name": "Ratings",
                                            "type": "String",
                                            "physicalType": "String"
                                        }
                                    },
                                    {
                                        "source": {
                                            "name": "Price",
                                            "type": "String",
                                            "physicalType": "String"
                                        },
                                        "sink": {
                                            "name": "Price",
                                            "type": "String",
                                            "physicalType": "String"
                                        }
                                    },
                                    {
                                        "source": {
                                            "name": "Processor",
                                            "type": "String",
                                            "physicalType": "String"
                                        },
                                        "sink": {
                                            "name": "Processor",
                                            "type": "String",
                                            "physicalType": "String"
                                        }
                                    },
                                    {
                                        "source": {
                                            "name": "RAM",
                                            "type": "String",
                                            "physicalType": "String"
                                        },
                                        "sink": {
                                            "name": "RAM",
                                            "type": "String",
                                            "physicalType": "String"
                                        }
                                    },
                                    {
                                        "source": {
                                            "name": "Operating System",
                                            "type": "String",
                                            "physicalType": "String"
                                        },
                                        "sink": {
                                            "name": "Operating System",
                                            "type": "String",
                                            "physicalType": "String"
                                        }
                                    },
                                    {
                                        "source": {
                                            "name": "ROM",
                                            "type": "String",
                                            "physicalType": "String"
                                        },
                                        "sink": {
                                            "name": "ROM",
                                            "type": "String",
                                            "physicalType": "String"
                                        }
                                    },
                                    {
                                        "source": {
                                            "name": "Display",
                                            "type": "String",
                                            "physicalType": "String"
                                        },
                                        "sink": {
                                            "name": "Display",
                                            "type": "String",
                                            "physicalType": "String"
                                        }
                                    }
                                ],
                                "typeConversion": true,
                                "typeConversionSettings": {
                                    "allowDataTruncation": true,
                                    "treatBooleanAsNumber": false
                                }
                            }
                        },
                        "inputs": [
                            {
                                "referenceName": "DelimitedText5",
                                "type": "DatasetReference",
                                "parameters": {}
                            }
                        ],
                        "outputs": [
                            {
                                "referenceName": "DelimitedText6",
                                "type": "DatasetReference",
                                "parameters": {}
                            }
                        ]
                    },
                    {
                        "name": "Data flow1",
                        "type": "ExecuteDataFlow",
                        "dependsOn": [
                            {
                                "activity": "Copy data5",
                                "dependencyConditions": [
                                    "Succeeded"
                                ]
                            }
                        ],
                        "policy": {
                            "timeout": "0.12:00:00",
                            "retry": 0,
                            "retryIntervalInSeconds": 30,
                            "secureOutput": false,
                            "secureInput": false
                        },
                        "userProperties": [],
                        "typeProperties": {
                            "dataflow": {
                                "referenceName": "dataflow1",
                                "type": "DataFlowReference",
                                "parameters": {},
                                "datasetParameters": {
                                    "source1": {},
                                    "sink1": {}
                                }
                            },
                            "staging": {},
                            "compute": {
                                "coreCount": 8,
                                "computeType": "General"
                            },
                            "traceLevel": "Fine"
                        }
                    },
                    {
                        "name": "Copy data6",
                        "type": "Copy",
                        "dependsOn": [
                            {
                                "activity": "Data flow1",
                                "dependencyConditions": [
                                    "Succeeded"
                                ]
                            }
                        ],
                        "policy": {
                            "timeout": "0.12:00:00",
                            "retry": 0,
                            "retryIntervalInSeconds": 30,
                            "secureOutput": false,
                            "secureInput": false
                        },
                        "userProperties": [],
                        "typeProperties": {
                            "source": {
                                "type": "DelimitedTextSource",
                                "storeSettings": {
                                    "type": "AzureBlobStorageReadSettings",
                                    "recursive": true,
                                    "enablePartitionDiscovery": false
                                },
                                "formatSettings": {
                                    "type": "DelimitedTextReadSettings"
                                }
                            },
                            "sink": {
                                "type": "SqlServerSink",
                                "writeBehavior": "insert",
                                "sqlWriterUseTableLock": false
                            },
                            "enableStaging": false,
                            "translator": {
                                "type": "TabularTranslator",
                                "mappings": [
                                    {
                                        "source": {
                                            "name": "Ratings",
                                            "type": "String",
                                            "physicalType": "String"
                                        },
                                        "sink": {
                                            "name": "ratings",
                                            "type": "String",
                                            "physicalType": "varchar"
                                        }
                                    },
                                    {
                                        "source": {
                                            "name": "Price",
                                            "type": "String",
                                            "physicalType": "String"
                                        },
                                        "sink": {
                                            "name": "price",
                                            "type": "String",
                                            "physicalType": "varchar"
                                        }
                                    },
                                    {
                                        "source": {
                                            "name": "Processor",
                                            "type": "String",
                                            "physicalType": "String"
                                        },
                                        "sink": {
                                            "name": "processor",
                                            "type": "String",
                                            "physicalType": "varchar"
                                        }
                                    },
                                    {
                                        "source": {
                                            "name": "RAM",
                                            "type": "String",
                                            "physicalType": "String"
                                        },
                                        "sink": {
                                            "name": "ram",
                                            "type": "String",
                                            "physicalType": "varchar"
                                        }
                                    },
                                    {
                                        "source": {
                                            "name": "Operating System",
                                            "type": "String",
                                            "physicalType": "String"
                                        },
                                        "sink": {
                                            "name": "operating_system",
                                            "type": "String",
                                            "physicalType": "varchar"
                                        }
                                    },
                                    {
                                        "source": {
                                            "name": "ROM",
                                            "type": "String",
                                            "physicalType": "String"
                                        },
                                        "sink": {
                                            "name": "rom",
                                            "type": "String",
                                            "physicalType": "varchar"
                                        }
                                    },
                                    {
                                        "source": {
                                            "name": "Display",
                                            "type": "String",
                                            "physicalType": "String"
                                        },
                                        "sink": {
                                            "name": "display",
                                            "type": "String",
                                            "physicalType": "varchar"
                                        }
                                    },
                                    {
                                        "source": {
                                            "name": "Brand",
                                            "type": "String",
                                            "physicalType": "String"
                                        },
                                        "sink": {
                                            "name": "brand",
                                            "type": "String",
                                            "physicalType": "varchar"
                                        }
                                    },
                                    {
                                        "source": {
                                            "name": "RAM Type",
                                            "type": "String",
                                            "physicalType": "String"
                                        },
                                        "sink": {
                                            "name": "ram_type",
                                            "type": "String",
                                            "physicalType": "varchar"
                                        }
                                    },
                                    {
                                        "source": {
                                            "name": "ROM Type",
                                            "type": "String",
                                            "physicalType": "String"
                                        },
                                        "sink": {
                                            "name": "rom_type",
                                            "type": "String",
                                            "physicalType": "varchar"
                                        }
                                    }
                                ],
                                "typeConversion": true,
                                "typeConversionSettings": {
                                    "allowDataTruncation": true,
                                    "treatBooleanAsNumber": false
                                }
                            }
                        },
                        "inputs": [
                            {
                                "referenceName": "DelimitedText7",
                                "type": "DatasetReference",
                                "parameters": {}
                            }
                        ],
                        "outputs": [
                            {
                                "referenceName": "SqlServerTable2",
                                "type": "DatasetReference",
                                "parameters": {}
                            }
                        ]
                    }
                ],
                "policy": {
                    "elapsedTimeMetric": {}
                },
                "annotations": []
            },
            "dependsOn": [
                "[concat(variables('factoryId'), '/linkedServices/AzureFunction1')]",
                "[concat(variables('factoryId'), '/integrationRuntimes/mlops')]",
                "[concat(variables('factoryId'), '/datasets/Json1')]",
                "[concat(variables('factoryId'), '/datasets/DelimitedText1')]",
                "[concat(variables('factoryId'), '/datasets/Json2')]",
                "[concat(variables('factoryId'), '/datasets/DelimitedText2')]",
                "[concat(variables('factoryId'), '/datasets/Json3')]",
                "[concat(variables('factoryId'), '/datasets/DelimitedText3')]",
                "[concat(variables('factoryId'), '/datasets/SqlServerTable1')]",
                "[concat(variables('factoryId'), '/datasets/DelimitedText4')]",
                "[concat(variables('factoryId'), '/datasets/DelimitedText5')]",
                "[concat(variables('factoryId'), '/datasets/DelimitedText6')]",
                "[concat(variables('factoryId'), '/dataflows/dataflow1')]",
                "[concat(variables('factoryId'), '/datasets/DelimitedText7')]",
                "[concat(variables('factoryId'), '/datasets/SqlServerTable2')]"
            ]
        },
        {
            "name": "[concat(parameters('factoryName'), '/AzureFunction1')]",
            "type": "Microsoft.DataFactory/factories/linkedServices",
            "apiVersion": "2018-06-01",
            "properties": {
                "annotations": [],
                "type": "AzureFunction",
                "typeProperties": {
                    "functionAppUrl": "[parameters('AzureFunction1_properties_typeProperties_functionAppUrl')]",
                    "authentication": "Anonymous",
                    "functionKey": {
                        "type": "SecureString",
                        "value": "[parameters('AzureFunction1_functionKey')]"
                    }
                }
            },
            "dependsOn": []
        },
        {
            "name": "[concat(parameters('factoryName'), '/mlops')]",
            "type": "Microsoft.DataFactory/factories/integrationRuntimes",
            "apiVersion": "2018-06-01",
            "properties": {
                "type": "SelfHosted",
                "typeProperties": {}
            },
            "dependsOn": []
        },
        {
            "name": "[concat(parameters('factoryName'), '/SqlServer1')]",
            "type": "Microsoft.DataFactory/factories/linkedServices",
            "apiVersion": "2018-06-01",
            "properties": {
                "annotations": [],
                "type": "SqlServer",
                "typeProperties": {
                    "server": "[parameters('SqlServer1_properties_typeProperties_server')]",
                    "database": "[parameters('SqlServer1_properties_typeProperties_database')]",
                    "encrypt": "mandatory",
                    "trustServerCertificate": false,
                    "authenticationType": "SQL",
                    "userName": "[parameters('SqlServer1_properties_typeProperties_userName')]",
                    "password": {
                        "type": "SecureString",
                        "value": "[parameters('SqlServer1_password')]"
                    }
                }
            },
            "dependsOn": []
        },
        {
            "name": "[concat(parameters('factoryName'), '/SqlServerTable1')]",
            "type": "Microsoft.DataFactory/factories/datasets",
            "apiVersion": "2018-06-01",
            "properties": {
                "linkedServiceName": {
                    "referenceName": "SqlServer1",
                    "type": "LinkedServiceReference"
                },
                "annotations": [],
                "type": "SqlServerTable",
                "schema": [
                    {
                        "name": "Product_Name",
                        "type": "nvarchar"
                    },
                    {
                        "name": "Ratings",
                        "type": "nvarchar"
                    },
                    {
                        "name": "Price",
                        "type": "nvarchar"
                    },
                    {
                        "name": "Processor",
                        "type": "nvarchar"
                    },
                    {
                        "name": "RAM",
                        "type": "nvarchar"
                    },
                    {
                        "name": "Operating System",
                        "type": "nvarchar"
                    },
                    {
                        "name": "ROM",
                        "type": "nvarchar"
                    },
                    {
                        "name": "Display",
                        "type": "nvarchar"
                    }
                ],
                "typeProperties": {
                    "schema": "dbo",
                    "table": "merged"
                }
            },
            "dependsOn": [
                "[concat(variables('factoryId'), '/linkedServices/SqlServer1')]"
            ]
        },
        {
            "name": "[concat(parameters('factoryName'), '/AzureBlobStorage1')]",
            "type": "Microsoft.DataFactory/factories/linkedServices",
            "apiVersion": "2018-06-01",
            "properties": {
                "annotations": [],
                "type": "AzureBlobStorage",
                "typeProperties": {
                    "connectionString": "[parameters('AzureBlobStorage1_connectionString')]"
                }
            },
            "dependsOn": []
        },
        {
            "name": "[concat(parameters('factoryName'), '/Json1')]",
            "type": "Microsoft.DataFactory/factories/datasets",
            "apiVersion": "2018-06-01",
            "properties": {
                "linkedServiceName": {
                    "referenceName": "AzureBlobStorage1",
                    "type": "LinkedServiceReference"
                },
                "annotations": [],
                "type": "Json",
                "typeProperties": {
                    "location": {
                        "type": "AzureBlobStorageLocation",
                        "fileName": "file1.json",
                        "container": "jsonfiles"
                    }
                },
                "schema": {
                    "type": "object",
                    "properties": {
                        "Product_Name": {
                            "type": "string"
                        },
                        "Ratings": {
                            "type": "string"
                        },
                        "Price": {
                            "type": "string"
                        },
                        "Processor": {
                            "type": "string"
                        },
                        "RAM": {
                            "type": "string"
                        },
                        "Operating System": {
                            "type": "string"
                        },
                        "ROM": {
                            "type": "string"
                        },
                        "Display": {
                            "type": "string"
                        }
                    }
                }
            },
            "dependsOn": [
                "[concat(variables('factoryId'), '/linkedServices/AzureBlobStorage1')]"
            ]
        },
        {
            "name": "[concat(parameters('factoryName'), '/DelimitedText1')]",
            "type": "Microsoft.DataFactory/factories/datasets",
            "apiVersion": "2018-06-01",
            "properties": {
                "linkedServiceName": {
                    "referenceName": "AzureBlobStorage1",
                    "type": "LinkedServiceReference"
                },
                "annotations": [],
                "type": "DelimitedText",
                "typeProperties": {
                    "location": {
                        "type": "AzureBlobStorageLocation",
                        "fileName": "csvfile1.csv",
                        "container": "csvfiles"
                    },
                    "columnDelimiter": ",",
                    "escapeChar": "\\",
                    "firstRowAsHeader": true,
                    "quoteChar": "\""
                },
                "schema": [
                    {
                        "name": "Product_Name",
                        "type": "String"
                    },
                    {
                        "name": "Ratings",
                        "type": "String"
                    },
                    {
                        "name": "Price",
                        "type": "String"
                    },
                    {
                        "name": "Processor",
                        "type": "String"
                    },
                    {
                        "name": "RAM",
                        "type": "String"
                    },
                    {
                        "name": "Operating System",
                        "type": "String"
                    },
                    {
                        "name": "ROM",
                        "type": "String"
                    },
                    {
                        "name": "Display",
                        "type": "String"
                    }
                ]
            },
            "dependsOn": [
                "[concat(variables('factoryId'), '/linkedServices/AzureBlobStorage1')]"
            ]
        },
        {
            "name": "[concat(parameters('factoryName'), '/Json2')]",
            "type": "Microsoft.DataFactory/factories/datasets",
            "apiVersion": "2018-06-01",
            "properties": {
                "linkedServiceName": {
                    "referenceName": "AzureBlobStorage1",
                    "type": "LinkedServiceReference"
                },
                "annotations": [],
                "type": "Json",
                "typeProperties": {
                    "location": {
                        "type": "AzureBlobStorageLocation",
                        "fileName": "file2.json",
                        "container": "jsonfiles"
                    }
                },
                "schema": {
                    "type": "object",
                    "properties": {
                        "Product_Name": {
                            "type": "string"
                        },
                        "Ratings": {
                            "type": "string"
                        },
                        "Price": {
                            "type": "string"
                        },
                        "Processor": {
                            "type": "string"
                        },
                        "RAM": {
                            "type": "string"
                        },
                        "Operating System": {
                            "type": "string"
                        },
                        "ROM": {
                            "type": "string"
                        },
                        "Display": {
                            "type": "string"
                        }
                    }
                }
            },
            "dependsOn": [
                "[concat(variables('factoryId'), '/linkedServices/AzureBlobStorage1')]"
            ]
        },
        {
            "name": "[concat(parameters('factoryName'), '/DelimitedText2')]",
            "type": "Microsoft.DataFactory/factories/datasets",
            "apiVersion": "2018-06-01",
            "properties": {
                "linkedServiceName": {
                    "referenceName": "AzureBlobStorage1",
                    "type": "LinkedServiceReference"
                },
                "annotations": [],
                "type": "DelimitedText",
                "typeProperties": {
                    "location": {
                        "type": "AzureBlobStorageLocation",
                        "fileName": "csvfile2.csv",
                        "container": "csvfiles"
                    },
                    "columnDelimiter": ",",
                    "escapeChar": "\\",
                    "firstRowAsHeader": true,
                    "quoteChar": "\""
                },
                "schema": [
                    {
                        "name": "Product_Name",
                        "type": "String"
                    },
                    {
                        "name": "Ratings",
                        "type": "String"
                    },
                    {
                        "name": "Price",
                        "type": "String"
                    },
                    {
                        "name": "Processor",
                        "type": "String"
                    },
                    {
                        "name": "RAM",
                        "type": "String"
                    },
                    {
                        "name": "Operating System",
                        "type": "String"
                    },
                    {
                        "name": "ROM",
                        "type": "String"
                    },
                    {
                        "name": "Display",
                        "type": "String"
                    }
                ]
            },
            "dependsOn": [
                "[concat(variables('factoryId'), '/linkedServices/AzureBlobStorage1')]"
            ]
        },
        {
            "name": "[concat(parameters('factoryName'), '/Json3')]",
            "type": "Microsoft.DataFactory/factories/datasets",
            "apiVersion": "2018-06-01",
            "properties": {
                "linkedServiceName": {
                    "referenceName": "AzureBlobStorage1",
                    "type": "LinkedServiceReference"
                },
                "annotations": [],
                "type": "Json",
                "typeProperties": {
                    "location": {
                        "type": "AzureBlobStorageLocation",
                        "fileName": "file3.json",
                        "container": "jsonfiles"
                    }
                },
                "schema": {
                    "type": "object",
                    "properties": {
                        "Display": {
                            "type": "string"
                        },
                        "Operating System": {
                            "type": "string"
                        },
                        "Price": {
                            "type": "string"
                        },
                        "Processor": {
                            "type": "string"
                        },
                        "Product_Name": {
                            "type": "string"
                        },
                        "RAM": {
                            "type": "string"
                        },
                        "ROM": {
                            "type": "string"
                        },
                        "Ratings": {
                            "type": "string"
                        }
                    }
                }
            },
            "dependsOn": [
                "[concat(variables('factoryId'), '/linkedServices/AzureBlobStorage1')]"
            ]
        },
        {
            "name": "[concat(parameters('factoryName'), '/DelimitedText3')]",
            "type": "Microsoft.DataFactory/factories/datasets",
            "apiVersion": "2018-06-01",
            "properties": {
                "linkedServiceName": {
                    "referenceName": "AzureBlobStorage1",
                    "type": "LinkedServiceReference"
                },
                "annotations": [],
                "type": "DelimitedText",
                "typeProperties": {
                    "location": {
                        "type": "AzureBlobStorageLocation",
                        "fileName": "csvfile3.csv",
                        "container": "csvfiles"
                    },
                    "columnDelimiter": ",",
                    "escapeChar": "\\",
                    "firstRowAsHeader": true,
                    "quoteChar": "\""
                },
                "schema": [
                    {
                        "name": "Product_Name",
                        "type": "String"
                    },
                    {
                        "name": "Ratings",
                        "type": "String"
                    },
                    {
                        "name": "Price",
                        "type": "String"
                    },
                    {
                        "name": "Processor",
                        "type": "String"
                    },
                    {
                        "name": "RAM",
                        "type": "String"
                    },
                    {
                        "name": "Operating System",
                        "type": "String"
                    },
                    {
                        "name": "ROM",
                        "type": "String"
                    },
                    {
                        "name": "Display",
                        "type": "String"
                    }
                ]
            },
            "dependsOn": [
                "[concat(variables('factoryId'), '/linkedServices/AzureBlobStorage1')]"
            ]
        },
        {
            "name": "[concat(parameters('factoryName'), '/DelimitedText4')]",
            "type": "Microsoft.DataFactory/factories/datasets",
            "apiVersion": "2018-06-01",
            "properties": {
                "linkedServiceName": {
                    "referenceName": "AzureBlobStorage1",
                    "type": "LinkedServiceReference"
                },
                "annotations": [],
                "type": "DelimitedText",
                "typeProperties": {
                    "location": {
                        "type": "AzureBlobStorageLocation",
                        "fileName": "csvfile4.csv",
                        "container": "csvfiles"
                    },
                    "columnDelimiter": ",",
                    "escapeChar": "\\",
                    "firstRowAsHeader": true,
                    "quoteChar": "\""
                },
                "schema": [
                    {
                        "name": "Product_Name",
                        "type": "String"
                    },
                    {
                        "name": "Ratings",
                        "type": "String"
                    },
                    {
                        "name": "Price",
                        "type": "String"
                    },
                    {
                        "name": "Processor",
                        "type": "String"
                    },
                    {
                        "name": "RAM",
                        "type": "String"
                    },
                    {
                        "name": "Operating System",
                        "type": "String"
                    },
                    {
                        "name": "ROM",
                        "type": "String"
                    },
                    {
                        "name": "Display",
                        "type": "String"
                    }
                ]
            },
            "dependsOn": [
                "[concat(variables('factoryId'), '/linkedServices/AzureBlobStorage1')]"
            ]
        },
        {
            "name": "[concat(parameters('factoryName'), '/DelimitedText5')]",
            "type": "Microsoft.DataFactory/factories/datasets",
            "apiVersion": "2018-06-01",
            "properties": {
                "linkedServiceName": {
                    "referenceName": "AzureBlobStorage1",
                    "type": "LinkedServiceReference"
                },
                "annotations": [],
                "type": "DelimitedText",
                "typeProperties": {
                    "location": {
                        "type": "AzureBlobStorageLocation",
                        "container": "csvfiles"
                    },
                    "columnDelimiter": ",",
                    "escapeChar": "\\",
                    "firstRowAsHeader": true,
                    "quoteChar": "\""
                },
                "schema": [
                    {
                        "name": "Product_Name",
                        "type": "String"
                    },
                    {
                        "name": "Ratings",
                        "type": "String"
                    },
                    {
                        "name": "Price",
                        "type": "String"
                    },
                    {
                        "name": "Processor",
                        "type": "String"
                    },
                    {
                        "name": "RAM",
                        "type": "String"
                    },
                    {
                        "name": "Operating System",
                        "type": "String"
                    },
                    {
                        "name": "ROM",
                        "type": "String"
                    },
                    {
                        "name": "Display",
                        "type": "String"
                    }
                ]
            },
            "dependsOn": [
                "[concat(variables('factoryId'), '/linkedServices/AzureBlobStorage1')]"
            ]
        },
        {
            "name": "[concat(parameters('factoryName'), '/DelimitedText6')]",
            "type": "Microsoft.DataFactory/factories/datasets",
            "apiVersion": "2018-06-01",
            "properties": {
                "linkedServiceName": {
                    "referenceName": "AzureBlobStorage1",
                    "type": "LinkedServiceReference"
                },
                "annotations": [],
                "type": "DelimitedText",
                "typeProperties": {
                    "location": {
                        "type": "AzureBlobStorageLocation",
                        "fileName": "merged.csv",
                        "container": "mergedfiles"
                    },
                    "columnDelimiter": ",",
                    "escapeChar": "\\",
                    "firstRowAsHeader": true,
                    "quoteChar": "\""
                },
                "schema": [
                    {
                        "name": "Product_Name",
                        "type": "String"
                    },
                    {
                        "name": "Ratings",
                        "type": "String"
                    },
                    {
                        "name": "Price",
                        "type": "String"
                    },
                    {
                        "name": "Processor",
                        "type": "String"
                    },
                    {
                        "name": "RAM",
                        "type": "String"
                    },
                    {
                        "name": "Operating System",
                        "type": "String"
                    },
                    {
                        "name": "ROM",
                        "type": "String"
                    },
                    {
                        "name": "Display",
                        "type": "String"
                    }
                ]
            },
            "dependsOn": [
                "[concat(variables('factoryId'), '/linkedServices/AzureBlobStorage1')]"
            ]
        },
        {
            "name": "[concat(parameters('factoryName'), '/dataflow1')]",
            "type": "Microsoft.DataFactory/factories/dataflows",
            "apiVersion": "2018-06-01",
            "properties": {
                "type": "MappingDataFlow",
                "typeProperties": {
                    "sources": [
                        {
                            "dataset": {
                                "referenceName": "DelimitedText6",
                                "type": "DatasetReference"
                            },
                            "name": "source1"
                        }
                    ],
                    "sinks": [
                        {
                            "dataset": {
                                "referenceName": "DelimitedText7",
                                "type": "DatasetReference"
                            },
                            "name": "sink1"
                        }
                    ],
                    "transformations": [
                        {
                            "name": "derivedColumn1"
                        },
                        {
                            "name": "select1"
                        }
                    ],
                    "scriptLines": [
                        "source(output(",
                        "          Product_Name as string,",
                        "          Ratings as string,",
                        "          Price as string,",
                        "          Processor as string,",
                        "          RAM as string,",
                        "          {Operating System} as string,",
                        "          ROM as string,",
                        "          Display as string",
                        "     ),",
                        "     allowSchemaDrift: true,",
                        "     validateSchema: false,",
                        "     limit: 100,",
                        "     ignoreNoFilesFound: false) ~> source1",
                        "source1 derive(Product_Name = {Product_Name},",
                        "          Brand = trim(split({Product_Name},\" \")[1]),",
                        "          Ratings = trim(left(Ratings,4)),",
                        "          Price = replace(split(Price, '₹')[2],\",\",\"\"),",
                        "          Processor = replace(lower(Processor), 'processor', ''),",
                        "          RAM = trim(left(RAM,2)),",
                        "          {RAM Type} = trim(split(RAM,\" \")[3]),",
                        "          {Operating System} = trim(replace(lower({Operating System}), 'operating system','')),",
                        "          ROM = trim(split(ROM,\" \")[1]),",
                        "          {ROM Type} = trim(split(ROM,\" \")[3]),",
                        "          Display = replace(lower(trim(split(split(Display, '(')[2], ')')[1])),'inch','')) ~> derivedColumn1",
                        "derivedColumn1 select(mapColumn(",
                        "          Ratings,",
                        "          Price,",
                        "          Processor,",
                        "          RAM,",
                        "          {Operating System},",
                        "          ROM,",
                        "          Display,",
                        "          Brand,",
                        "          {RAM Type},",
                        "          {ROM Type}",
                        "     ),",
                        "     skipDuplicateMapInputs: true,",
                        "     skipDuplicateMapOutputs: true) ~> select1",
                        "select1 sink(allowSchemaDrift: true,",
                        "     validateSchema: false,",
                        "     input(",
                        "          Ratings as string,",
                        "          Price as string,",
                        "          Processor as string,",
                        "          RAM as string,",
                        "          {Operating System} as string,",
                        "          ROM as string,",
                        "          Display as string,",
                        "          Brand as string,",
                        "          {RAM Type} as string,",
                        "          {ROM Type} as string",
                        "     ),",
                        "     partitionFileNames:['dataset.csv'],",
                        "     skipDuplicateMapInputs: true,",
                        "     skipDuplicateMapOutputs: true,",
                        "     partitionBy('hash', 1)) ~> sink1"
                    ]
                }
            },
            "dependsOn": [
                "[concat(variables('factoryId'), '/datasets/DelimitedText6')]",
                "[concat(variables('factoryId'), '/datasets/DelimitedText7')]"
            ]
        },
        {
            "name": "[concat(parameters('factoryName'), '/DelimitedText7')]",
            "type": "Microsoft.DataFactory/factories/datasets",
            "apiVersion": "2018-06-01",
            "properties": {
                "linkedServiceName": {
                    "referenceName": "AzureBlobStorage1",
                    "type": "LinkedServiceReference"
                },
                "annotations": [],
                "type": "DelimitedText",
                "typeProperties": {
                    "location": {
                        "type": "AzureBlobStorageLocation",
                        "fileName": "dataset.csv",
                        "container": "cleanedfiles"
                    },
                    "columnDelimiter": ",",
                    "escapeChar": "\\",
                    "firstRowAsHeader": true,
                    "quoteChar": "\""
                },
                "schema": [
                    {
                        "name": "Ratings",
                        "type": "String"
                    },
                    {
                        "name": "Price",
                        "type": "String"
                    },
                    {
                        "name": "Processor",
                        "type": "String"
                    },
                    {
                        "name": "RAM",
                        "type": "String"
                    },
                    {
                        "name": "Operating System",
                        "type": "String"
                    },
                    {
                        "name": "ROM",
                        "type": "String"
                    },
                    {
                        "name": "Display",
                        "type": "String"
                    },
                    {
                        "name": "Brand",
                        "type": "String"
                    },
                    {
                        "name": "RAM Type",
                        "type": "String"
                    },
                    {
                        "name": "ROM Type",
                        "type": "String"
                    }
                ]
            },
            "dependsOn": [
                "[concat(variables('factoryId'), '/linkedServices/AzureBlobStorage1')]"
            ]
        },
        {
            "name": "[concat(parameters('factoryName'), '/SqlServerTable2')]",
            "type": "Microsoft.DataFactory/factories/datasets",
            "apiVersion": "2018-06-01",
            "properties": {
                "linkedServiceName": {
                    "referenceName": "SqlServer1",
                    "type": "LinkedServiceReference"
                },
                "annotations": [],
                "type": "SqlServerTable",
                "schema": [
                    {
                        "name": "ratings",
                        "type": "varchar"
                    },
                    {
                        "name": "price",
                        "type": "varchar"
                    },
                    {
                        "name": "processor",
                        "type": "varchar"
                    },
                    {
                        "name": "ram",
                        "type": "varchar"
                    },
                    {
                        "name": "operating_system",
                        "type": "varchar"
                    },
                    {
                        "name": "rom",
                        "type": "varchar"
                    },
                    {
                        "name": "display",
                        "type": "varchar"
                    },
                    {
                        "name": "brand",
                        "type": "varchar"
                    },
                    {
                        "name": "ram_type",
                        "type": "varchar"
                    },
                    {
                        "name": "rom_type",
                        "type": "varchar"
                    }
                ],
                "typeProperties": {
                    "schema": "dbo",
                    "table": "laptops"
                }
            },
            "dependsOn": [
                "[concat(variables('factoryId'), '/linkedServices/SqlServer1')]"
            ]
        }
    ]
}