{
    "$schema": "http://schema.management.azure.com/schemas/2015-01-01/deploymentTemplate.json#",
    "contentVersion": "1.0.0.0",
    "parameters": {
        "factoryName": {
            "type": "string",
            "metadata": "Data Factory name",
            "defaultValue": "penoshadf472024"
        },
        "dataFactory_location": {
            "type": "string",
            "defaultValue": "eastus"
        },
        "dataFactory_identity_type": {
            "type": "string",
            "defaultValue": "SystemAssigned"
        }
    },
    "variables": {
        "factoryId": "[concat('Microsoft.DataFactory/factories/', parameters('factoryName'))]"
    },
    "resources": [
        {
            "name": "[parameters('factoryName')]",
            "type": "Microsoft.DataFactory/factories",
            "apiVersion": "2018-06-01",
            "properties": {},
            "dependsOn": [],
            "location": "[parameters('dataFactory_location')]",
            "identity": {
                "type": "[parameters('dataFactory_identity_type')]",
                "principalId": "a554fc93-ab04-4adb-b7b7-fef60b6a3eb3",
                "tenantId": "e98bdcad-1a33-43c7-9e4f-f048445d89e0"
            }
        }
    ]
}